action,feature,coefficient
No E-Mail,intercept,-3.4098652382286234
No E-Mail,numeric__recency,-0.37390667726125265
No E-Mail,numeric__history,0.2781766026488504
No E-Mail,binary__mens,0.12222281314695665
No E-Mail,binary__womens,0.13144973129625442
No E-Mail,binary__newbie,-0.9936495433948497
No E-Mail,categorical__zip_code_Rural,-0.37126132999140077
No E-Mail,categorical__zip_code_Suburban,-0.9720688456181371
No E-Mail,categorical__zip_code_Urban,-0.920092634781575
No E-Mail,categorical__channel_Multichannel,-0.7292610347903377
No E-Mail,categorical__channel_Phone,-0.7875954775945451
No E-Mail,categorical__channel_Web,-0.7465662980062281
Mens E-Mail,intercept,-3.011122103117472
Mens E-Mail,numeric__recency,-0.10730841480205336
Mens E-Mail,numeric__history,0.17576167074912985
Mens E-Mail,binary__mens,0.4024061277559659
Mens E-Mail,binary__womens,0.40082303568232347
Mens E-Mail,binary__newbie,-0.3458111457596254
Mens E-Mail,categorical__zip_code_Rural,-0.9285875926951856
Mens E-Mail,categorical__zip_code_Suburban,-0.8134719256716361
Mens E-Mail,categorical__zip_code_Urban,-0.8071275224178078
Mens E-Mail,categorical__channel_Multichannel,-0.8504080652086606
Mens E-Mail,categorical__channel_Phone,-0.9307504936606082
Mens E-Mail,categorical__channel_Web,-0.7680284819153597
Womens E-Mail,intercept,-3.2189803418993446
Womens E-Mail,numeric__recency,-0.21348355217422205
Womens E-Mail,numeric__history,0.12741577661805278
Womens E-Mail,binary__mens,0.06991206982321696
Womens E-Mail,binary__womens,0.5524562705836156
Womens E-Mail,binary__newbie,-0.1938544718731272
Womens E-Mail,categorical__zip_code_Rural,-0.6768654972767735
Womens E-Mail,categorical__zip_code_Suburban,-1.0368611606557299
Womens E-Mail,categorical__zip_code_Urban,-0.8730203651082628
Womens E-Mail,categorical__channel_Multichannel,-0.6928221229505901
Womens E-Mail,categorical__channel_Phone,-1.0568155602446734
Womens E-Mail,categorical__channel_Web,-0.8371093398455014
