policy,budget,customers,contacted,contact_fraction,mens_contacts,womens_contacts,matched_contact_purchases,ipw_conversion_rate,incremental_conversions_per_1000,estimated_incremental_conversions
no_contact,0.05,51200,0,0.0,0,0,0,0.0057421875,0.0,0.0
no_contact,0.1,51200,0,0.0,0,0,0,0.0057421875,0.0,0.0
no_contact,0.2,51200,0,0.0,0,0,0,0.0057421875,0.0,0.0
random_mens,0.05,51200,2560,0.05,2560,0,11,0.00609375,0.3515625,18.0
random_mens,0.1,51200,5120,0.1,5120,0,23,0.0065625,0.8203125,42.0
random_mens,0.2,51200,10240,0.2,10240,0,47,0.00732421875,1.58203125,81.0
random_womens,0.05,51200,2560,0.05,0,2560,4,0.00568359375,-0.05859375,-3.0
random_womens,0.1,51200,5120,0.1,0,5120,12,0.00591796875,0.17578125,9.0
random_womens,0.2,51200,10240,0.2,0,10240,27,0.00615234375,0.41015625,21.0
logistic_response,0.05,51200,2560,0.05,2191,369,15,0.00615234375,0.41015625,21.0
logistic_response,0.1,51200,5120,0.1,4246,874,24,0.00580078125,0.05859375,3.0
logistic_response,0.2,51200,10240,0.2,8351,1889,49,0.0064453125,0.703125,36.0
logistic_uplift,0.05,51200,2560,0.05,2327,233,13,0.0059765625,0.234375,12.0
logistic_uplift,0.1,51200,5120,0.1,4422,698,21,0.00615234375,0.41015625,21.0
logistic_uplift,0.2,51200,10240,0.2,8474,1766,38,0.0065625,0.8203125,42.0
tree_response,0.05,51200,2560,0.05,1280,1280,10,0.0059765625,0.234375,12.0
tree_response,0.1,51200,5120,0.1,2896,2224,27,0.0066796875,0.9375,48.0
tree_response,0.2,51200,10240,0.2,6725,3515,51,0.00685546875,1.11328125,57.0
tree_uplift,0.05,51200,2560,0.05,1413,1147,11,0.00609375,0.3515625,18.0
tree_uplift,0.1,51200,5120,0.1,3530,1590,22,0.0065625,0.8203125,42.0
tree_uplift,0.2,51200,10240,0.2,7128,3112,48,0.00744140625,1.69921875,87.0
