policy,budget,fold,customers,contacted,estimated_incremental_conversions
no_contact,0.05,1,10240,0,0.0
no_contact,0.05,2,10240,0,0.0
no_contact,0.05,3,10240,0,0.0
no_contact,0.05,4,10240,0,0.0
no_contact,0.05,5,10240,0,0.0
no_contact,0.1,1,10240,0,0.0
no_contact,0.1,2,10240,0,0.0
no_contact,0.1,3,10240,0,0.0
no_contact,0.1,4,10240,0,0.0
no_contact,0.1,5,10240,0,0.0
no_contact,0.2,1,10240,0,0.0
no_contact,0.2,2,10240,0,0.0
no_contact,0.2,3,10240,0,0.0
no_contact,0.2,4,10240,0,0.0
no_contact,0.2,5,10240,0,0.0
random_mens,0.05,1,10240,512,3.0
random_mens,0.05,2,10240,512,6.0
random_mens,0.05,3,10240,512,6.0
random_mens,0.05,4,10240,512,0.0
random_mens,0.05,5,10240,512,3.0
random_mens,0.1,1,10240,1024,15.0
random_mens,0.1,2,10240,1024,9.0
random_mens,0.1,3,10240,1024,12.0
random_mens,0.1,4,10240,1024,0.0
random_mens,0.1,5,10240,1024,6.0
random_mens,0.2,1,10240,2048,18.0
random_mens,0.2,2,10240,2048,24.0
random_mens,0.2,3,10240,2048,15.0
random_mens,0.2,4,10240,2048,15.0
random_mens,0.2,5,10240,2048,9.0
random_womens,0.05,1,10240,512,0.0
random_womens,0.05,2,10240,512,3.0
random_womens,0.05,3,10240,512,0.0
random_womens,0.05,4,10240,512,-3.0
random_womens,0.05,5,10240,512,-3.0
random_womens,0.1,1,10240,1024,9.0
random_womens,0.1,2,10240,1024,6.0
random_womens,0.1,3,10240,1024,0.0
random_womens,0.1,4,10240,1024,-6.0
random_womens,0.1,5,10240,1024,0.0
random_womens,0.2,1,10240,2048,9.0
random_womens,0.2,2,10240,2048,6.0
random_womens,0.2,3,10240,2048,6.0
random_womens,0.2,4,10240,2048,-6.0
random_womens,0.2,5,10240,2048,6.0
logistic_response,0.05,1,10240,512,9.0
logistic_response,0.05,2,10240,512,6.0
logistic_response,0.05,3,10240,512,6.0
logistic_response,0.05,4,10240,512,-9.0
logistic_response,0.05,5,10240,512,9.0
logistic_response,0.1,1,10240,1024,0.0
logistic_response,0.1,2,10240,1024,-3.0
logistic_response,0.1,3,10240,1024,12.0
logistic_response,0.1,4,10240,1024,-15.0
logistic_response,0.1,5,10240,1024,9.0
logistic_response,0.2,1,10240,2048,0.0
logistic_response,0.2,2,10240,2048,3.0
logistic_response,0.2,3,10240,2048,21.0
logistic_response,0.2,4,10240,2048,-9.0
logistic_response,0.2,5,10240,2048,21.0
logistic_uplift,0.05,1,10240,512,3.0
logistic_uplift,0.05,2,10240,512,3.0
logistic_uplift,0.05,3,10240,512,9.0
logistic_uplift,0.05,4,10240,512,-9.0
logistic_uplift,0.05,5,10240,512,6.0
logistic_uplift,0.1,1,10240,1024,0.0
logistic_uplift,0.1,2,10240,1024,3.0
logistic_uplift,0.1,3,10240,1024,21.0
logistic_uplift,0.1,4,10240,1024,-12.0
logistic_uplift,0.1,5,10240,1024,9.0
logistic_uplift,0.2,1,10240,2048,6.0
logistic_uplift,0.2,2,10240,2048,6.0
logistic_uplift,0.2,3,10240,2048,27.0
logistic_uplift,0.2,4,10240,2048,-6.0
logistic_uplift,0.2,5,10240,2048,9.0
tree_response,0.05,1,10240,512,0.0
tree_response,0.05,2,10240,512,6.0
tree_response,0.05,3,10240,512,-3.0
tree_response,0.05,4,10240,512,0.0
tree_response,0.05,5,10240,512,9.0
tree_response,0.1,1,10240,1024,9.0
tree_response,0.1,2,10240,1024,12.0
tree_response,0.1,3,10240,1024,12.0
tree_response,0.1,4,10240,1024,0.0
tree_response,0.1,5,10240,1024,15.0
tree_response,0.2,1,10240,2048,12.0
tree_response,0.2,2,10240,2048,3.0
tree_response,0.2,3,10240,2048,24.0
tree_response,0.2,4,10240,2048,-6.0
tree_response,0.2,5,10240,2048,24.0
tree_uplift,0.05,1,10240,512,0.0
tree_uplift,0.05,2,10240,512,6.0
tree_uplift,0.05,3,10240,512,-3.0
tree_uplift,0.05,4,10240,512,6.0
tree_uplift,0.05,5,10240,512,9.0
tree_uplift,0.1,1,10240,1024,6.0
tree_uplift,0.1,2,10240,1024,9.0
tree_uplift,0.1,3,10240,1024,6.0
tree_uplift,0.1,4,10240,1024,6.0
tree_uplift,0.1,5,10240,1024,15.0
tree_uplift,0.2,1,10240,2048,6.0
tree_uplift,0.2,2,10240,2048,18.0
tree_uplift,0.2,3,10240,2048,24.0
tree_uplift,0.2,4,10240,2048,12.0
tree_uplift,0.2,5,10240,2048,27.0
