model,action,customers,purchases,average_precision,brier_score,log_loss
logistic,No E-Mail,17045,98,0.010883368024084291,0.005710814436879213,0.03454772842073332
training_arm_prevalence,No E-Mail,17045,98,0.00566990096581107,0.005716441451035677,0.03539348086261775
logistic,Mens E-Mail,17046,214,0.014878236186338573,0.012404736933792073,0.06761371845535254
training_arm_prevalence,Mens E-Mail,17046,214,0.012493147950672703,0.012396662817614897,0.06743416921047796
logistic,Womens E-Mail,17109,151,0.011085604698585147,0.008749780469415767,0.050343848091026995
training_arm_prevalence,Womens E-Mail,17109,151,0.008779034907677332,0.008747877757031524,0.0505337121791573
tree,No E-Mail,17045,98,0.009955173415999725,0.0057137544157919344,0.04461081473017601
tree,Mens E-Mail,17046,214,0.01474571260771354,0.012421855906082864,0.0752588454301617
tree,Womens E-Mail,17109,151,0.012492579147209474,0.008751724913449482,0.05218236523377488
